﻿<?xml version="1.0"?>
<doc>
<assembly>
<name>
Client
</name>
</assembly>
<members>
<member name="T:Client.My.Resources.Resources">
<summary>
  A strongly-typed resource class, for looking up localized strings, etc.
</summary>
</member>
<member name="P:Client.My.Resources.Resources.ResourceManager">
<summary>
  Returns the cached ResourceManager instance used by this class.
</summary>
</member>
<member name="P:Client.My.Resources.Resources.Culture">
<summary>
  Overrides the current thread's CurrentUICulture property for all
  resource lookups using this strongly typed resource class.
</summary>
</member>
<member name="P:Client.My.Resources.Resources.Soun">
<summary>
  Looks up a localized resource of type System.IO.UnmanagedMemoryStream similar to System.IO.MemoryStream.
</summary>
</member>
</members>
</doc>
