﻿<?xml version="1.0"?>
<doc>
<assembly>
<name>
LuxNET
</name>
</assembly>
<members>
<member name="T:LuxNET.My.Resources.Resources">
<summary>
  A strongly-typed resource class, for looking up localized strings, etc.
</summary>
</member>
<member name="P:LuxNET.My.Resources.Resources.ResourceManager">
<summary>
  Returns the cached ResourceManager instance used by this class.
</summary>
</member>
<member name="P:LuxNET.My.Resources.Resources.Culture">
<summary>
  Overrides the current thread's CurrentUICulture property for all
  resource lookups using this strongly typed resource class.
</summary>
</member>
<member name="P:LuxNET.My.Resources.Resources._488">
<summary>
  Looks up a localized resource of type System.Drawing.Bitmap.
</summary>
</member>
<member name="P:LuxNET.My.Resources.Resources.active">
<summary>
  Looks up a localized resource of type System.Drawing.Bitmap.
</summary>
</member>
<member name="P:LuxNET.My.Resources.Resources.arrow_090">
<summary>
  Looks up a localized resource of type System.Drawing.Bitmap.
</summary>
</member>
<member name="P:LuxNET.My.Resources.Resources.arrow_270">
<summary>
  Looks up a localized resource of type System.Drawing.Bitmap.
</summary>
</member>
<member name="P:LuxNET.My.Resources.Resources.Components">
<summary>
  Looks up a localized resource of type System.Byte[].
</summary>
</member>
<member name="P:LuxNET.My.Resources.Resources.computer__arrow">
<summary>
  Looks up a localized resource of type System.Drawing.Bitmap.
</summary>
</member>
<member name="P:LuxNET.My.Resources.Resources.computer__exclamation">
<summary>
  Looks up a localized resource of type System.Drawing.Bitmap.
</summary>
</member>
<member name="P:LuxNET.My.Resources.Resources.Converted_file_04e35b84">
<summary>
  Looks up a localized resource of type System.IO.UnmanagedMemoryStream similar to System.IO.MemoryStream.
</summary>
</member>
<member name="P:LuxNET.My.Resources.Resources.data">
<summary>
  Looks up a localized resource of type System.Byte[].
</summary>
</member>
<member name="P:LuxNET.My.Resources.Resources.document_import">
<summary>
  Looks up a localized resource of type System.Drawing.Bitmap.
</summary>
</member>
<member name="P:LuxNET.My.Resources.Resources.folder_import">
<summary>
  Looks up a localized resource of type System.Drawing.Bitmap.
</summary>
</member>
<member name="P:LuxNET.My.Resources.Resources.Hover">
<summary>
  Looks up a localized resource of type System.Drawing.Bitmap.
</summary>
</member>
<member name="P:LuxNET.My.Resources.Resources.ImageListView">
<summary>
  Looks up a localized resource of type System.Byte[].
</summary>
</member>
<member name="P:LuxNET.My.Resources.Resources.keyboard">
<summary>
  Looks up a localized resource of type System.Drawing.Bitmap.
</summary>
</member>
<member name="P:LuxNET.My.Resources.Resources.keyboard__arrow">
<summary>
  Looks up a localized resource of type System.Drawing.Bitmap.
</summary>
</member>
<member name="P:LuxNET.My.Resources.Resources.monitor">
<summary>
  Looks up a localized resource of type System.Drawing.Bitmap.
</summary>
</member>
<member name="P:LuxNET.My.Resources.Resources.monitor_off">
<summary>
  Looks up a localized resource of type System.Drawing.Bitmap.
</summary>
</member>
<member name="P:LuxNET.My.Resources.Resources.mouse">
<summary>
  Looks up a localized resource of type System.Drawing.Bitmap.
</summary>
</member>
<member name="P:LuxNET.My.Resources.Resources.mouse__arrow">
<summary>
  Looks up a localized resource of type System.Drawing.Bitmap.
</summary>
</member>
<member name="P:LuxNET.My.Resources.Resources.Normal">
<summary>
  Looks up a localized resource of type System.Drawing.Bitmap.
</summary>
</member>
<member name="P:LuxNET.My.Resources.Resources.notify">
<summary>
  Looks up a localized resource of type System.IO.UnmanagedMemoryStream similar to System.IO.MemoryStream.
</summary>
</member>
<member name="P:LuxNET.My.Resources.Resources.scream1">
<summary>
  Looks up a localized resource of type System.IO.UnmanagedMemoryStream similar to System.IO.MemoryStream.
</summary>
</member>
<member name="P:LuxNET.My.Resources.Resources.scream2">
<summary>
  Looks up a localized resource of type System.IO.UnmanagedMemoryStream similar to System.IO.MemoryStream.
</summary>
</member>
</members>
</doc>
